{
  "assetsByChunkName": {
    "vendors~app-account~app-checkout~app-confirmation~app-order": "chunk.d21dcbfe68e286090426.js",
    "vendors~app-account~app-confirmation~app-order": "chunk.12c13750afb1e6479a23.js",
    "vendors~app-account~app-checkout": "chunk.8622dae246922018d8be.js",
    "vendors~app-cart~app-checkout": "chunk.91d330eb465908baccbc.js",
    "admin": [
      "admin.39a8a5c10e58389fa98b.js",
      "admin.39a8a5c10e58389fa98b.js.map"
    ],
    "app-account": "chunk.8f5615a5f5922fcac26a.js",
    "app-checkout": "chunk.30fe1a2f5502e98525e5.js",
    "app-confirmation": "chunk.a6b1b506cf513adc1bc6.js",
    "app-order": "chunk.433472bcd045967d95c4.js",
    "checkout": [
      "checkout.41c8e66358b3eb7f4875.js",
      "checkout.41c8e66358b3eb7f4875.js.map"
    ],
    "storefront": [
      "storefront.ca41d3dc95179f24ac0d.css",
      "storefront.48ae99210395ccfdc192.js",
      "storefront.ca41d3dc95179f24ac0d.css.map",
      "storefront.48ae99210395ccfdc192.js.map"
    ],
    "vendors~app-cart": "chunk.ba5c969804d02fe38540.js"
  }
}