{
  "description": {
    "title": "Livraria Cristã Renovando Vidas",
    "text": "Olá tudo bem? A Livraria Cristã Renovando Vidas e uma empresa especializada em vendas direta, através da nossa pagina E-commerce com produtos a pronta entrega. Estaremos a disposição para esclarecer qualquer dúvida, para mais informações, por favor, entrar em contato através do nosso WhatsApp. (83) 98610-1389"
  },
  "links_1": {
    "list_pages": true,
    "title": "Sobre nós :)",
    "list": []
  },
  "links_2": {
    "list_categories": true,
    "title": "Categorias",
    "list": []
  },
  "contacts": {
    "title": "Contatos",
    "phone_wpp": true,
    "socials": true,
    "email": true,
    "address": true
  },
  "stamps": [
    {
      "src": "/img/uploads/ssl-safe.png",
      "alt": "Secure connection"
    },
    {
      "src": "/img/uploads/avaliacao-2022.png",
      "link": "https://g.page/r/CZ78P4oLfK6MEB0/review"
    }
  ],
  "payment_methods": {
    "bb": true,
    "visa": true,
    "boleto": true,
    "aura": false,
    "banrisul": false,
    "elo": true,
    "hipercard": true,
    "hsbc": false,
    "bradesco": true,
    "santander": true,
    "mastercard": true,
    "citibank": false,
    "hiper": true,
    "mais": false,
    "pix": true,
    "amex": true,
    "itau": true
  },
  "credits": ""
}