{
  "categories_list": {
    "featured": [
      "/liquidacao?Liquidação",
      "/igreja?Igreja",
      "/biblias?Bíblias",
      "/livros?Livros",
      "/harpa-crista?Harpa Cristã",
      "/dicionario-biblico?Dicionário Bíblico",
      "/comentario-biblico?Comentário Bíblico",
      "/papelaria?Papelaria",
      "/ebook?eBook"
    ],
    "random": 9,
    "full_width": true
  },
  "centralized_logo": false,
  "marketing_stripe": {
    "text": "Pague com Pix - Ganhe até 5% desconto",
    "link": "  ",
    "background": "#9a051f",
    "color": "#f7fcfc"
  },
  "alphabetical_order_submenu": true,
  "popup": "/img/uploads/1pedido.jpeg",
  "search_input": true,
  "desktop_megamenu": true,
  "full_width_submenu": true,
  "contacts_stripe": {
    "pages": [],
    "phone_wpp": true,
    "socials": true
  }
}