{
  "meta_title": "Livraria Cristã Renovando Vidas",
  "meta_description": "Renovando vidas através da palavra de Deus",
  "sections": [
    {
      "type": "banner-slider",
      "autoplay": 8000,
      "full_width": false,
      "slides": [
        {
          "start": "",
          "end": "",
          "img": "/img/uploads/banner-de-linkedin-simples-com-frase-motivacional-cinza-com-foto-2-.png"
        }
      ]
    },
    {
      "type": "info-bar",
      "enabled": true
    },
    {
      "type": "collection-shelf",
      "shuffle": false,
      "limit": 12,
      "page": 1,
      "collection_id": "6297f06dac0cb4200ffb2ec2:categories:Bíblia Infantil:/biblia-infantil",
      "sort": "lowest_price"
    },
    {
      "type": "dynamic-showcase",
      "load_more": true,
      "sort": "sales"
    },
    {
      "type": "page-title",
      "title": "Livraria Cristã Renovando Vidas",
      "description": "Renovando vidas atráves da palavra de Deus"
    },
    {
      "type": "review-carousel",
      "autoplay": 4000,
      "title": "Avaliações ",
      "reviews": [
        {
          "img": "",
          "nome": "Erica Barauna ",
          "cidade": "João pessoa - PB",
          "texto": "Experiência maravilhosa, do atendimento, preço e entrega super recomendo, ganhou mais uma cliente. ⭐⭐⭐⭐⭐"
        },
        {
          "nome": "Neli Araújo ",
          "cidade": "Juarez Távora - PB",
          "texto": "Excelente atendimento, lindas bíblias, parabéns ⭐⭐⭐⭐⭐"
        },
        {
          "nome": "Maria De jesus",
          "cidade": "João pessoa - PB ",
          "texto": "Atendimento e nota 10 gostei muito fui muito bem atendida a entrega foi super rápido.⭐⭐⭐⭐⭐"
        },
        {
          "nome": "Ademar Viera",
          "cidade": "Bayeux - PB",
          "texto": "Tem muito comprometimento e dedicação com seus clientes. 🤝  ⭐⭐⭐⭐⭐"
        },
        {
          "nome": "Sthéfany Silveira",
          "cidade": "Bayeux - PB",
          "texto": "Melhor livraria que conheço 😍 ⭐⭐⭐⭐⭐"
        },
        {
          "nome": "José Fernando ",
          "cidade": "Bayeux - PB",
          "texto": "Ótimo produto, gostei muito da Bíblia. ⭐⭐⭐⭐⭐"
        },
        {
          "nome": "Jonatha Silva",
          "cidade": "Bayeux - PB",
          "texto": "Bom dia paz do senhor Lindas Bíblias, entrega garantida 😉🤝 Excelente atendimento, qualidade e satisfação. ⭐⭐⭐⭐⭐"
        },
        {
          "texto": "Muito bom ter essa livraria à disposição de nós Cristãos. ⭐⭐⭐⭐⭐",
          "cidade": "Bayeux -PB",
          "nome": "Lindomar"
        },
        {
          "nome": "Andrea medeiros",
          "cidade": "Bayeux - PB",
          "texto": "Lindas Bíblias, harpas cristã, biografias e muito mais, que Deus abençoe a todos. ⭐⭐⭐⭐⭐"
        },
        {
          "nome": "Ohana Sousa",
          "cidade": "Bayeux - PB",
          "texto": "Os melhores produtos 😍🙏🙌 ⭐⭐⭐⭐⭐"
        }
      ]
    },
    {
      "type": "brands-carousel",
      "limit": 12,
      "offset": 0,
      "sort": null,
      "autoplay": 4000
    },
    {
      "type": "responsive-banner",
      "img": "/img/uploads/banner-mercado-pago.png",
      "link": ""
    },
    {
      "type": "custom-content",
      "markdown": "![](/img/uploads/enviamos-para-todo-brasil.webp)"
    }
  ]
}