{
  "shipping": {
    "show": true,
    "text": "consulte o regulamento!",
    "link": "https://livrariacristarenovandovidas.com/pages/frete-gratis-consulte-aqui",
    "title": "Frete Grátis para PB "
  },
  "installments": {
    "show": true,
    "text": "3x sem juros",
    "link": "https://livrariacristarenovandovidas.com",
    "title": "Parcele em até"
  },
  "exchange": {
    "show": true,
    "text": "Acesse Aqui!",
    "title": "Atacado",
    "link": "https://livrariacristarenovandovidas.com/atacado"
  },
  "promo": {
    "show": true,
    "text": "Acesse Aqui!",
    "link": "https://livrariacristarenovandovidas.com/liquidacao",
    "title": "LIQUIDAÇÃO"
  }
}